kind,t,freq,edges,dbm
SCAN,16.95,300.0,78,-85
SCAN,16.97,300.5,74,-86
SCAN,17.00,301.0,68,-88
SCAN,17.02,301.5,72,-87
SCAN,17.05,302.0,60,-91
SCAN,17.07,302.5,82,-84
SCAN,17.10,303.0,60,-91
SCAN,17.12,303.5,64,-90
SCAN,17.15,304.0,70,-88
SCAN,17.17,304.5,78,-85
SCAN,17.20,305.0,72,-87
SCAN,17.22,305.5,86,-82
SCAN,17.25,306.0,56,-92
SCAN,17.28,306.5,70,-88
SCAN,17.30,307.0,60,-91
SCAN,17.33,307.5,64,-90
SCAN,17.35,308.0,70,-88
SCAN,17.38,308.5,70,-88
SCAN,17.40,309.0,82,-84
SCAN,17.43,309.5,78,-85
SCAN,17.45,310.0,46,-95
SCAN,17.48,310.5,72,-87
SCAN,17.50,311.0,46,-95
SCAN,17.53,311.5,72,-87
SCAN,17.55,312.0,98,-79
SCAN,17.58,312.5,70,-88
SCAN,17.60,313.0,92,-81
SCAN,17.63,313.5,66,-89
SCAN,17.65,314.0,70,-88
SCAN,17.68,314.5,40,-97
SCAN,17.70,315.0,54,-93
SCAN,17.73,315.5,82,-84
SCAN,17.75,316.0,20,-104
SCAN,17.78,316.5,62,-90
SCAN,17.80,317.0,44,-96
SCAN,17.83,317.5,58,-91
SCAN,17.85,318.0,56,-92
SCAN,17.88,318.5,66,-89
SCAN,17.90,319.0,44,-96
SCAN,17.93,319.5,56,-92
SCAN,17.95,320.0,70,-88
SCAN,17.98,320.5,88,-82
SCAN,18.00,321.0,66,-89
SCAN,18.03,321.5,52,-93
SCAN,18.05,322.0,74,-86
SCAN,18.08,322.5,76,-86
SCAN,18.10,323.0,72,-87
SCAN,18.13,323.5,72,-87
SCAN,18.15,324.0,66,-89
SCAN,18.18,324.5,62,-90
SCAN,18.20,325.0,62,-90
SCAN,18.23,325.5,56,-92
SCAN,18.25,326.0,64,-90
SCAN,18.28,326.5,26,-102
SCAN,18.30,327.0,54,-93
SCAN,18.33,327.5,62,-90
SCAN,18.35,328.0,40,-97
SCAN,18.38,328.5,70,-88
SCAN,18.40,329.0,58,-91
SCAN,18.43,329.5,44,-96
SCAN,18.45,330.0,48,-95
SCAN,18.48,330.5,76,-86
SCAN,18.50,331.0,78,-85
SCAN,18.53,331.5,68,-88
SCAN,18.56,332.0,54,-93
SCAN,18.58,332.5,72,-87
SCAN,18.61,333.0,66,-89
SCAN,18.63,333.5,54,-93
SCAN,18.66,334.0,70,-88
SCAN,18.68,334.5,56,-92
SCAN,18.70,335.0,80,-84
SCAN,18.73,335.5,42,-97
SCAN,18.76,336.0,58,-91
SCAN,18.78,336.5,64,-90
SCAN,18.81,337.0,88,-82
SCAN,18.83,337.5,66,-89
SCAN,18.86,338.0,72,-87
SCAN,18.88,338.5,44,-96
SCAN,18.91,339.0,58,-91
SCAN,18.93,339.5,72,-87
SCAN,18.96,340.0,42,-97
SCAN,18.98,340.5,86,-82
SCAN,19.01,341.0,56,-92
SCAN,19.03,341.5,68,-88
SCAN,19.06,342.0,66,-89
SCAN,19.08,342.5,48,-95
SCAN,19.11,343.0,92,-81
SCAN,19.13,343.5,82,-84
SCAN,19.16,344.0,40,-97
SCAN,19.18,344.5,52,-93
SCAN,19.21,345.0,96,-79
SCAN,19.23,345.5,78,-85
SCAN,19.26,346.0,58,-91
SCAN,19.28,346.5,42,-97
SCAN,19.31,347.0,68,-88
SCAN,19.33,347.5,54,-93
SCAN,19.36,348.0,80,-84
SCAN,19.38,420.0,86,-82
SCAN,19.41,420.0,64,-90
SCAN,19.43,420.0,24,-102
SCAN,19.46,420.0,44,-96
SCAN,19.48,420.0,44,-96
SCAN,19.51,420.0,56,-92
SCAN,19.53,420.0,84,-83
SCAN,19.56,420.0,90,-81
SCAN,19.58,420.0,70,-88
SCAN,19.61,420.0,90,-81
SCAN,19.63,420.0,82,-84
SCAN,19.66,420.0,56,-92
SCAN,19.68,420.0,68,-88
SCAN,19.71,420.0,84,-83
SCAN,19.73,420.0,74,-86
SCAN,19.76,420.0,62,-90
SCAN,19.78,420.0,74,-86
SCAN,19.81,420.0,2,-109
SCAN,19.83,420.0,90,-81
SCAN,19.86,420.0,76,-86
SCAN,19.88,420.0,64,-90
SCAN,19.91,420.0,54,-93
SCAN,19.94,420.0,100,-78
SCAN,19.96,420.0,60,-91
SCAN,19.99,420.0,88,-82
SCAN,20.01,420.0,76,-86
SCAN,20.04,420.0,66,-89
SCAN,20.06,420.0,60,-91
SCAN,20.09,420.0,80,-84
SCAN,20.11,420.0,30,-100
SCAN,20.14,420.0,68,-88
SCAN,20.16,420.0,38,-98
SCAN,20.19,420.0,60,-91
SCAN,20.21,420.0,54,-93
SCAN,20.24,420.0,64,-90
SCAN,20.26,420.0,76,-86
SCAN,20.29,420.0,46,-95
SCAN,20.31,420.0,92,-81
SCAN,20.34,420.0,90,-81
SCAN,20.36,420.0,58,-91
SCAN,20.39,420.0,64,-90
SCAN,20.41,420.0,68,-88
SCAN,20.44,420.0,66,-89
SCAN,20.46,420.0,80,-84
SCAN,20.49,420.0,60,-91
SCAN,20.51,420.0,48,-95
SCAN,20.54,420.0,44,-96
SCAN,20.56,420.0,64,-90
SCAN,20.59,420.0,62,-90
SCAN,20.61,420.0,66,-89
SCAN,20.64,420.0,84,-83
SCAN,20.66,420.0,68,-88
SCAN,20.69,420.0,82,-84
SCAN,20.71,420.0,50,-94
SCAN,20.74,420.0,48,-95
SCAN,20.76,420.0,56,-92
SCAN,20.79,420.0,66,-89
SCAN,20.81,420.0,60,-91
SCAN,20.84,420.0,60,-91
SCAN,20.86,420.0,34,-99
SCAN,20.89,420.0,64,-90
SCAN,20.91,420.0,38,-98
SCAN,20.94,420.0,56,-92
SCAN,20.96,420.0,34,-99
SCAN,20.99,420.0,40,-97
SCAN,21.01,420.0,50,-94
SCAN,21.04,420.0,48,-95
SCAN,21.06,420.0,34,-99
SCAN,21.09,420.0,58,-91
SCAN,21.11,420.0,38,-98
SCAN,21.14,420.0,58,-91
SCAN,21.17,420.0,40,-97
SCAN,21.19,420.0,86,-82
SCAN,21.22,420.0,76,-86
SCAN,21.24,420.0,56,-92
SCAN,21.27,420.0,26,-102
SCAN,21.29,420.0,72,-87
SCAN,21.31,420.0,58,-91
SCAN,21.34,420.0,50,-94
SCAN,21.37,420.0,70,-88
SCAN,21.39,420.0,92,-81
SCAN,21.42,420.0,64,-90
SCAN,21.44,420.0,78,-85
SCAN,21.47,420.0,18,-104
SCAN,21.49,420.0,76,-86
SCAN,21.52,420.0,44,-96
SCAN,21.54,420.0,88,-82
SCAN,21.57,420.0,72,-87
SCAN,21.59,420.0,80,-84
SCAN,21.62,420.0,70,-88
SCAN,21.64,420.0,48,-95
SCAN,21.67,420.0,64,-90
SCAN,21.69,420.0,94,-80
SCAN,21.72,420.0,68,-88
SCAN,21.74,420.0,82,-84
SCAN,21.77,420.0,72,-87
SCAN,21.79,420.0,42,-97
SCAN,21.82,420.0,52,-93
SCAN,21.84,420.0,68,-88
SCAN,21.87,420.0,12,-106
SCAN,21.89,420.0,80,-84
SCAN,21.92,420.0,60,-91
SCAN,21.94,420.0,80,-84
SCAN,21.97,420.0,32,-100
SCAN,21.99,420.0,38,-98
SCAN,22.02,420.0,104,-77
SCAN,22.04,420.0,66,-89
SCAN,22.07,420.0,68,-88
SCAN,22.09,420.0,14,-106
SCAN,22.12,420.0,74,-86
SCAN,22.14,420.0,36,-98
SCAN,22.17,420.0,78,-85
SCAN,22.19,420.0,44,-96
SCAN,22.22,420.0,28,-101
SCAN,22.24,420.0,40,-97
SCAN,22.27,420.0,70,-88
SCAN,22.29,420.0,66,-89
SCAN,22.32,420.0,78,-85
SCAN,22.34,420.0,54,-93
SCAN,22.37,420.0,34,-99
SCAN,22.39,420.0,36,-98
SCAN,22.42,420.0,54,-93
SCAN,22.44,420.0,62,-90
SCAN,22.47,420.0,66,-89
SCAN,22.50,420.0,38,-98
SCAN,22.52,420.0,68,-88
SCAN,22.55,420.0,68,-88
SCAN,22.57,420.0,32,-100
SCAN,22.60,420.0,48,-95
SCAN,22.62,420.0,34,-99
SCAN,22.64,420.0,40,-97
SCAN,22.67,420.0,42,-97
SCAN,22.70,420.0,8,-107
SCAN,22.72,420.0,10,-107
SCAN,22.75,420.0,64,-90
SCAN,22.77,420.0,66,-89
SCAN,22.80,420.0,62,-90
SCAN,22.82,420.0,66,-89
SCAN,22.85,420.0,78,-85
SCAN,22.87,420.0,62,-90
SCAN,22.90,420.0,60,-91
SCAN,22.92,420.0,30,-100
SCAN,22.95,420.0,34,-99
SCAN,22.97,420.0,70,-88
SCAN,23.00,420.0,58,-91
SCAN,23.02,420.0,64,-90
SCAN,23.05,420.0,44,-96
SCAN,23.07,420.0,54,-93
SCAN,23.10,420.0,68,-88
SCAN,23.12,420.0,58,-91
SCAN,23.15,420.0,48,-95
SCAN,23.17,420.0,72,-87
SCAN,23.20,420.0,62,-90
SCAN,23.22,420.0,56,-92
SCAN,23.25,420.0,36,-98
SCAN,23.27,420.0,66,-89
SCAN,23.30,420.0,68,-88
SCAN,23.32,420.0,50,-94
SCAN,23.35,420.0,54,-93
SCAN,23.37,420.0,44,-96
SCAN,23.40,420.0,78,-85
SCAN,23.42,420.0,74,-86
SCAN,23.45,420.0,58,-91
SCAN,23.47,420.0,64,-90
SCAN,23.50,420.0,76,-86
SCAN,23.52,420.0,46,-95
SCAN,23.55,420.0,66,-89
SCAN,23.57,420.0,78,-85
SCAN,23.60,420.0,72,-87
SCAN,23.62,420.0,68,-88
SCAN,23.65,420.0,72,-87
SCAN,23.67,420.0,52,-93
SCAN,23.70,420.0,66,-89
SCAN,23.72,420.0,32,-100
SCAN,23.75,420.0,40,-97
SCAN,23.77,420.0,80,-84
SCAN,23.80,420.0,68,-88
SCAN,23.83,420.0,46,-95
SCAN,23.85,420.0,44,-96
SCAN,23.88,420.0,12,-106
SCAN,23.90,420.0,72,-87
SCAN,23.92,420.0,88,-82
SCAN,23.95,420.0,38,-98
SCAN,23.97,420.0,48,-95
SCAN,24.00,420.0,48,-95
SCAN,24.02,420.0,66,-89
SCAN,24.05,420.0,76,-86
SCAN,24.08,420.0,40,-97
SCAN,24.10,420.0,28,-101
SCAN,24.13,420.0,44,-96
SCAN,24.15,420.0,82,-84
SCAN,24.18,420.0,8,-107
SCAN,24.20,420.0,88,-82
SCAN,24.23,420.0,60,-91
SCAN,24.25,420.0,22,-103
SCAN,24.28,420.0,50,-94
SCAN,24.30,420.0,58,-91
SCAN,24.33,420.0,66,-89
SCAN,24.35,420.0,64,-90
SCAN,24.38,420.0,60,-91
SCAN,24.40,420.0,6,-108
SCAN,24.43,420.0,88,-82
SCAN,24.45,420.0,46,-95
SCAN,24.48,420.0,44,-96
SCAN,24.50,420.0,26,-102
SCAN,24.53,420.0,88,-82
SCAN,24.55,420.0,60,-91
SCAN,24.58,420.0,66,-89
SCAN,24.60,420.0,86,-82
SCAN,24.63,420.0,48,-95
SCAN,24.65,420.0,78,-85
SCAN,24.68,420.0,70,-88
SCAN,24.70,420.0,78,-85
SCAN,24.73,420.0,58,-91
SCAN,24.75,420.0,52,-93
SCAN,24.78,420.0,62,-90
SCAN,24.80,420.0,56,-92
SCAN,24.83,420.0,82,-84
SCAN,24.85,420.0,68,-88
SCAN,24.88,420.0,70,-88
SCAN,24.90,420.0,24,-102
SCAN,24.93,420.0,70,-88
SCAN,24.95,420.0,42,-97
SCAN,24.98,420.0,46,-95
SCAN,25.00,420.0,50,-94
SCAN,25.03,420.0,96,-79
SCAN,25.05,420.0,66,-89
SCAN,25.08,420.0,72,-87
SCAN,25.10,420.0,42,-97
SCAN,25.13,420.0,62,-90
SCAN,25.15,420.0,82,-84
SCAN,25.18,420.0,68,-88
SCAN,25.20,420.0,60,-91
SCAN,25.23,420.0,74,-86
SCAN,25.25,420.0,54,-93
SCAN,25.28,420.0,52,-93
SCAN,25.30,420.0,58,-91
SCAN,25.33,420.0,38,-98
SCAN,25.36,420.0,66,-89
SCAN,25.38,420.0,50,-94
SCAN,25.41,420.0,97,-79
SCAN,25.43,420.0,92,-81
SCAN,25.46,420.0,46,-95
SCAN,25.48,420.0,62,-90
SCAN,25.51,420.0,82,-84
SCAN,25.53,420.0,79,-85
SCAN,25.56,420.0,44,-96
SCAN,25.58,420.0,70,-88
SCAN,25.61,420.0,118,-72
SCAN,25.63,420.0,71,-87
SCAN,25.66,420.0,79,-85
SCAN,25.68,420.0,70,-88
SCAN,25.71,420.0,113,-74
SCAN,25.73,420.0,69,-88
SCAN,25.76,420.0,72,-87
SCAN,25.78,420.0,68,-88
SCAN,25.81,420.0,81,-84
SCAN,25.83,420.0,69,-88
SCAN,25.86,420.0,70,-88
SCAN,25.88,420.0,84,-83
SCAN,25.91,420.0,54,-93
SCAN,25.93,420.0,110,-75
SCAN,25.96,420.0,69,-88
SCAN,25.98,420.0,67,-89
SCAN,26.01,420.0,58,-91
SCAN,26.03,420.0,72,-87
SCAN,26.06,420.0,67,-89
SCAN,26.08,420.0,58,-91
SCAN,26.11,420.0,46,-95
SCAN,26.13,420.0,113,-74
SCAN,26.16,420.0,67,-89
SCAN,26.18,420.0,68,-88
SCAN,26.21,420.0,86,-82
SCAN,26.23,420.0,64,-90
SCAN,26.26,420.0,69,-88
SCAN,26.28,420.0,38,-98
SCAN,26.31,420.0,82,-84
SCAN,26.33,420.0,86,-82
SCAN,26.36,420.0,66,-89
SCAN,26.38,420.0,31,-100
SCAN,26.41,420.0,78,-85
SCAN,26.43,420.0,88,-82
SCAN,26.46,420.0,66,-89
SCAN,26.49,420.0,14,-106
SCAN,26.51,420.0,80,-84
SCAN,26.53,420.0,44,-96
SCAN,26.56,420.0,68,-88
SCAN,26.59,420.0,13,-106
SCAN,26.61,420.0,80,-84
SCAN,26.64,420.0,98,-79
SCAN,26.66,420.0,65,-89
SCAN,26.69,420.0,15,-105
SCAN,26.71,420.0,64,-90
SCAN,26.74,420.0,96,-79
SCAN,26.76,420.0,69,-88
SCAN,26.78,420.0,17,-105
SCAN,26.81,420.0,108,-75
SCAN,26.84,420.0,62,-90
SCAN,26.86,420.0,40,-97
SCAN,26.89,420.0,46,-95
SCAN,26.91,420.0,60,-91
SCAN,26.94,420.0,70,-88
SCAN,26.96,420.0,48,-95
SCAN,26.99,420.0,52,-93
SCAN,27.01,420.0,22,-103
SCAN,27.04,420.0,70,-88
SCAN,27.06,420.0,62,-90
SCAN,27.09,420.0,54,-93
SCAN,27.11,420.0,52,-93
SCAN,27.14,420.0,54,-93
SCAN,27.16,420.0,54,-93
SCAN,27.19,420.0,48,-95
SCAN,27.21,420.0,84,-83
SCAN,27.24,420.0,64,-90
SCAN,27.26,420.0,60,-91
SCAN,27.29,420.0,52,-93
SCAN,27.31,420.0,64,-90
SCAN,27.34,420.0,24,-102
SCAN,27.36,420.0,62,-90
SCAN,27.39,420.0,64,-90
SCAN,27.41,420.0,54,-93
SCAN,27.44,420.0,70,-88
SCAN,27.46,420.0,46,-95
SCAN,27.49,420.0,60,-91
SCAN,27.51,420.0,56,-92
SCAN,27.54,420.0,36,-98
SCAN,27.56,420.0,54,-93
SCAN,27.59,420.0,52,-93
SCAN,27.61,420.0,76,-86
SCAN,27.64,420.0,115,-73
SCAN,27.66,420.0,96,-79
SCAN,27.69,420.0,83,-83
SCAN,27.71,420.0,81,-84
SCAN,27.74,420.0,76,-86
SCAN,27.77,420.0,72,-87
SCAN,27.79,420.0,72,-87
SCAN,27.81,420.0,61,-90
SCAN,27.84,420.0,56,-92
SCAN,27.86,420.0,67,-89
SCAN,27.89,420.0,79,-85
SCAN,27.91,420.0,20,-104
SCAN,27.94,420.0,56,-92
SCAN,27.96,420.0,73,-87
SCAN,27.99,420.0,79,-85
SCAN,28.02,420.0,25,-102
SCAN,28.04,420.0,92,-81
SCAN,28.07,420.0,84,-83
SCAN,28.09,420.0,78,-85
SCAN,28.12,420.0,38,-98
SCAN,28.14,420.0,74,-86
SCAN,28.17,420.0,72,-87
SCAN,28.19,420.0,71,-87
SCAN,28.22,420.0,38,-98
SCAN,28.24,420.0,78,-85
SCAN,28.27,420.0,78,-85
SCAN,28.29,420.0,68,-88
SCAN,28.32,420.0,43,-96
SCAN,28.34,420.0,40,-97
SCAN,28.37,420.0,88,-82
SCAN,28.39,420.0,72,-87
SCAN,28.42,420.0,45,-96
SCAN,28.44,420.0,96,-79
SCAN,28.47,420.0,68,-88
SCAN,28.49,420.0,72,-87
SCAN,28.52,420.0,43,-96
SCAN,28.54,420.0,76,-86
SCAN,28.57,420.0,36,-98
SCAN,28.59,420.0,69,-88
SCAN,28.62,420.0,45,-96
SCAN,28.64,420.0,72,-87
SCAN,28.67,420.0,44,-96
SCAN,28.69,420.0,74,-86
SCAN,28.72,420.0,44,-96
SCAN,28.74,420.0,66,-89
SCAN,28.77,420.0,66,-89
SCAN,28.79,420.0,80,-84
SCAN,28.82,420.0,48,-95
SCAN,28.84,420.0,76,-86
SCAN,28.87,420.0,68,-88
SCAN,28.89,420.0,68,-88
SCAN,28.92,420.0,84,-83
SCAN,28.94,420.0,64,-90
SCAN,28.97,420.0,54,-93
SCAN,28.99,420.0,32,-100
SCAN,29.02,420.0,54,-93
SCAN,29.04,420.0,78,-85
SCAN,29.07,420.0,58,-91
SCAN,29.09,420.0,76,-86
SCAN,29.12,420.0,78,-85
SCAN,29.14,420.0,72,-87
SCAN,29.17,420.0,30,-100
SCAN,29.19,420.0,60,-91
SCAN,29.22,420.0,74,-86
SCAN,29.25,420.0,68,-88
SCAN,29.27,420.0,54,-93
SCAN,29.30,420.0,66,-89
SCAN,29.32,420.0,94,-80
SCAN,29.35,420.0,72,-87
SCAN,29.37,420.0,74,-86
SCAN,29.40,420.0,48,-95
SCAN,29.42,420.0,82,-84
SCAN,29.45,420.0,68,-88
SCAN,29.47,420.0,68,-88
SCAN,29.50,420.0,76,-86
SCAN,29.52,420.0,50,-94
SCAN,29.55,420.0,40,-97
SCAN,29.57,420.0,60,-91
SCAN,29.60,420.0,52,-93
SCAN,29.62,420.0,64,-90
SCAN,29.65,420.0,78,-85
SCAN,29.67,420.0,64,-90
SCAN,29.70,420.0,60,-91
SCAN,29.72,420.0,54,-93
SCAN,29.75,420.0,60,-91
SCAN,29.77,420.0,64,-90
SCAN,29.80,420.0,44,-96
SCAN,29.82,420.0,74,-86
SCAN,29.85,420.0,36,-98
SCAN,29.87,420.0,58,-91
SCAN,29.90,420.0,60,-91
SCAN,29.92,420.0,52,-93
SCAN,29.95,420.0,70,-88
SCAN,29.97,420.0,72,-87
SCAN,30.00,420.0,40,-97
SCAN,30.02,420.0,70,-88
SCAN,30.05,420.0,56,-92
SCAN,30.07,420.0,62,-90
SCAN,30.10,420.0,56,-92
SCAN,30.12,420.0,52,-93
SCAN,30.15,420.0,34,-99
SCAN,30.17,420.0,70,-88
SCAN,30.20,420.0,60,-91
SCAN,30.22,420.0,18,-104
SCAN,30.25,420.0,78,-85
SCAN,30.27,420.0,66,-89
SCAN,30.30,420.0,68,-88
SCAN,30.32,420.0,54,-93
SCAN,30.35,420.0,80,-84
SCAN,30.37,420.0,68,-88
SCAN,30.40,420.0,34,-99
SCAN,30.42,420.0,82,-84
SCAN,30.45,420.0,86,-82
SCAN,30.47,420.0,50,-94
SCAN,30.50,420.0,38,-98
SCAN,30.53,420.0,30,-100
SCAN,30.55,420.0,70,-88
SCAN,30.58,420.0,94,-80
SCAN,30.60,420.0,68,-88
SCAN,30.63,420.0,8,-107
SCAN,30.65,420.0,38,-98
SCAN,30.68,420.0,78,-85
SCAN,30.70,420.0,66,-89
SCAN,30.73,420.0,40,-97
SCAN,30.75,420.0,78,-85
SCAN,30.78,420.0,74,-86
SCAN,30.80,420.0,34,-99
SCAN,30.83,420.0,80,-84
SCAN,30.85,420.0,50,-94
SCAN,30.88,420.0,78,-85
SCAN,30.90,420.0,78,-85
SCAN,30.93,420.0,82,-84
SCAN,30.95,420.0,88,-82
SCAN,30.98,420.0,60,-91
SCAN,31.00,420.0,30,-100
SCAN,31.03,420.0,84,-83
SCAN,31.05,420.0,72,-87
SCAN,31.08,420.0,74,-86
SCAN,31.10,420.0,84,-83
SCAN,31.13,420.0,86,-82
SCAN,31.15,420.0,48,-95
SCAN,31.18,420.0,62,-90
SCAN,31.20,420.0,74,-86
SCAN,31.23,420.0,80,-84
SCAN,31.25,420.0,66,-89
SCAN,31.28,420.0,60,-91
SCAN,31.30,420.0,86,-82
SCAN,31.33,420.0,64,-90
SCAN,31.35,420.0,90,-81
SCAN,31.38,420.0,52,-93
SCAN,31.40,420.0,68,-88
SCAN,31.43,420.0,68,-88
SCAN,31.45,420.0,64,-90
SCAN,31.48,420.0,78,-85
SCAN,31.50,420.0,88,-82
SCAN,31.53,420.0,56,-92
SCAN,31.55,420.0,80,-84
SCAN,31.58,420.0,58,-91
SCAN,31.60,420.0,50,-94
SCAN,31.63,420.0,92,-81
SCAN,31.65,420.0,68,-88
SCAN,31.68,420.0,62,-90
SCAN,31.70,420.0,24,-102
SCAN,31.73,420.0,94,-80
SCAN,31.75,420.0,40,-97
SCAN,31.78,420.0,56,-92
SCAN,31.80,420.0,56,-92
SCAN,31.83,420.0,72,-87
SCAN,31.85,420.0,82,-84
SCAN,31.88,420.0,56,-92
SCAN,31.90,420.0,70,-88
SCAN,31.93,420.0,64,-90
SCAN,31.96,420.0,56,-92
SCAN,31.98,420.0,74,-86
SCAN,32.00,420.0,70,-88
SCAN,32.03,420.0,60,-91
SCAN,32.05,420.0,98,-79
SCAN,32.08,420.0,80,-84
SCAN,32.11,420.0,58,-91
SCAN,32.13,420.0,44,-96
SCAN,32.16,420.0,123,-71
SCAN,32.18,420.0,92,-81
SCAN,32.21,420.0,69,-88
SCAN,32.23,420.0,87,-82
SCAN,32.26,420.0,111,-74
SCAN,32.28,420.0,76,-86
SCAN,32.31,420.0,63,-90
SCAN,32.33,420.0,73,-87
SCAN,32.36,420.0,118,-72
SCAN,32.38,420.0,71,-87
SCAN,32.41,420.0,72,-87
SCAN,32.43,420.0,22,-103
SCAN,32.46,420.0,88,-82
SCAN,32.48,420.0,66,-89
SCAN,32.51,420.0,76,-86
SCAN,32.53,420.0,13,-106
SCAN,32.56,420.0,82,-84
SCAN,32.58,420.0,73,-87
SCAN,32.61,420.0,72,-87
SCAN,32.63,420.0,24,-102
SCAN,32.66,420.0,52,-93
SCAN,32.68,420.0,92,-81
SCAN,32.71,420.0,68,-88
SCAN,32.73,420.0,22,-103
SCAN,32.76,420.0,106,-76
SCAN,32.78,420.0,72,-87
SCAN,32.81,420.0,67,-89
SCAN,32.83,420.0,25,-102
SCAN,32.86,420.0,78,-85
SCAN,32.88,420.0,87,-82
SCAN,32.91,420.0,64,-90
SCAN,32.93,420.0,31,-100
SCAN,32.96,420.0,90,-81
SCAN,32.98,420.0,83,-83
SCAN,33.01,420.0,69,-88
SCAN,33.03,420.0,29,-101
SCAN,33.06,420.0,64,-90
SCAN,33.08,420.0,117,-73
SCAN,33.11,420.0,70,-88
SCAN,33.13,420.0,29,-101
SCAN,33.16,420.0,94,-80
SCAN,33.18,420.0,76,-86
SCAN,33.21,420.0,56,-92
SCAN,33.23,420.0,80,-84
SCAN,33.26,420.0,82,-84
SCAN,33.28,420.0,32,-100
SCAN,33.31,420.0,92,-81
SCAN,33.33,420.0,62,-90
SCAN,33.36,420.0,64,-90
SCAN,33.38,420.0,46,-95
SCAN,33.41,420.0,82,-84
SCAN,33.44,420.0,68,-88
SCAN,33.46,420.0,64,-90
SCAN,33.49,420.0,38,-98
SCAN,33.51,420.0,74,-86
SCAN,33.54,420.0,72,-87
SCAN,33.56,420.0,60,-91
SCAN,33.59,420.0,60,-91
SCAN,33.61,420.0,70,-88
SCAN,33.64,420.0,66,-89
SCAN,33.66,420.0,58,-91
SCAN,33.69,420.0,48,-95
SCAN,33.71,420.0,104,-77
SCAN,33.74,420.0,70,-88
SCAN,33.76,420.0,72,-87
SCAN,33.79,420.0,86,-82
SCAN,33.81,420.0,60,-91
SCAN,33.84,420.0,70,-88
SCAN,33.86,420.0,24,-102
SCAN,33.89,420.0,50,-94
SCAN,33.91,420.0,66,-89
SCAN,33.94,420.0,50,-94
SCAN,33.96,420.0,66,-89
SCAN,33.99,420.0,100,-78
SCAN,34.01,420.0,54,-93
SCAN,34.04,420.0,42,-97
SCAN,34.06,420.0,50,-94
SCAN,34.09,420.0,70,-88
SCAN,34.11,420.0,48,-95
SCAN,34.14,420.0,84,-83
SCAN,34.16,420.0,56,-92
SCAN,34.19,420.0,52,-93
SCAN,34.21,420.0,52,-93
SCAN,34.24,420.0,70,-88
SCAN,34.26,420.0,66,-89
SCAN,34.29,420.0,58,-91
SCAN,34.31,420.0,48,-95
SCAN,34.34,420.0,42,-97
SCAN,34.36,420.0,66,-89
SCAN,34.39,420.0,48,-95
SCAN,34.41,420.0,56,-92
SCAN,34.44,420.0,10,-107
SCAN,34.46,420.0,32,-100
SCAN,34.49,420.0,66,-89
SCAN,34.51,420.0,78,-85
SCAN,34.54,420.0,24,-102
SCAN,34.56,420.0,52,-93
SCAN,34.59,420.0,30,-100
SCAN,34.62,420.0,76,-86
SCAN,34.64,420.0,70,-88
SCAN,34.67,420.0,61,-90
SCAN,34.69,420.0,108,-75
SCAN,34.72,420.0,92,-81
SCAN,34.74,420.0,54,-93
SCAN,34.77,420.0,79,-85
SCAN,34.79,420.0,101,-78
SCAN,34.82,420.0,79,-85
SCAN,34.84,420.0,51,-94
SCAN,34.87,420.0,87,-82
SCAN,34.89,420.0,87,-82
SCAN,34.92,420.0,69,-88
SCAN,34.94,420.0,68,-88
SCAN,34.97,420.0,55,-92
SCAN,34.99,420.0,100,-78
SCAN,35.02,420.0,72,-87
SCAN,35.04,420.0,73,-87
SCAN,35.07,420.0,16,-105
SCAN,35.09,420.0,87,-82
SCAN,35.12,420.0,70,-88
SCAN,35.14,420.0,76,-86
SCAN,35.17,420.0,13,-106
SCAN,35.19,420.0,72,-87
SCAN,35.22,420.0,85,-83
SCAN,35.24,420.0,69,-88
SCAN,35.27,420.0,14,-106
SCAN,35.29,420.0,78,-85
SCAN,35.32,420.0,117,-73
SCAN,35.34,420.0,64,-90
SCAN,35.37,420.0,18,-104
SCAN,35.39,420.0,84,-83
SCAN,35.42,420.0,80,-84
SCAN,35.44,420.0,64,-90
SCAN,35.47,420.0,20,-104
SCAN,35.49,420.0,72,-87
SCAN,35.52,420.0,92,-81
SCAN,35.54,420.0,67,-89
SCAN,35.57,420.0,19,-104
SCAN,35.59,420.0,96,-79
SCAN,35.62,420.0,92,-81
SCAN,35.64,420.0,63,-90
SCAN,35.67,420.0,21,-103
SCAN,35.69,420.0,58,-91
SCAN,35.72,420.0,113,-74
SCAN,35.74,420.0,67,-89
SCAN,35.77,420.0,16,-105
SCAN,35.80,420.0,92,-81
SCAN,35.82,420.0,101,-78
SCAN,35.85,420.0,66,-89
SCAN,35.87,420.0,18,-104
SCAN,35.89,420.0,70,-88
SCAN,35.92,420.0,133,-67
SCAN,35.95,420.0,63,-90
SCAN,35.97,420.0,22,-103
SCAN,36.00,420.0,94,-80
SCAN,36.02,420.0,84,-83
SCAN,36.05,420.0,67,-89
SCAN,36.07,420.0,20,-104
SCAN,36.10,420.0,82,-84
SCAN,36.12,420.0,60,-91
SCAN,36.15,420.0,68,-88
SCAN,36.17,420.0,22,-103
SCAN,36.20,420.0,94,-80
SCAN,36.22,420.0,122,-71
SCAN,36.25,420.0,63,-90
SCAN,36.27,420.0,24,-102
SCAN,36.30,420.0,80,-84
SCAN,36.32,420.0,46,-95
SCAN,36.35,420.0,70,-88
SCAN,36.37,420.0,25,-102
SCAN,36.40,420.0,82,-84
SCAN,36.42,420.0,94,-80
SCAN,36.45,420.0,78,-85
SCAN,36.47,420.0,72,-87
SCAN,36.50,420.0,84,-83
SCAN,36.52,420.0,84,-83
SCAN,36.55,420.0,102,-77
SCAN,36.57,420.0,38,-98
SCAN,36.60,420.0,56,-92
SCAN,36.62,420.0,82,-84
SCAN,36.65,420.0,60,-91
SCAN,36.67,420.0,44,-96
SCAN,36.70,420.0,34,-99
SCAN,36.72,420.0,40,-97
SCAN,36.75,420.0,82,-84
SCAN,36.77,420.0,64,-90
SCAN,36.80,420.0,68,-88
SCAN,36.82,420.0,56,-92
SCAN,36.85,420.0,94,-80
SCAN,36.87,420.0,56,-92
SCAN,36.90,420.0,48,-95
SCAN,36.92,420.0,50,-94
SCAN,36.95,420.0,72,-87
SCAN,36.97,420.0,64,-90
SCAN,37.00,420.0,62,-90
SCAN,37.02,420.0,52,-93
SCAN,37.05,420.0,12,-106
SCAN,37.07,420.0,40,-97
SCAN,37.10,420.0,78,-85
SCAN,37.12,420.0,46,-95
SCAN,37.15,420.0,78,-85
SCAN,37.17,420.0,86,-82
SCAN,37.20,420.0,48,-95
SCAN,37.22,420.0,78,-85
SCAN,37.25,420.0,66,-89
SCAN,37.28,420.0,46,-95
SCAN,37.30,420.0,80,-84
SCAN,37.33,420.0,72,-87
SCAN,37.35,420.0,50,-94
SCAN,37.38,420.0,76,-86
SCAN,37.40,420.0,66,-89
SCAN,37.43,420.0,40,-97
SCAN,37.45,420.0,40,-97
SCAN,37.48,420.0,68,-88
SCAN,37.50,420.0,68,-88
SCAN,37.53,420.0,70,-88
SCAN,37.55,420.0,78,-85
SCAN,37.58,420.0,76,-86
SCAN,37.60,420.0,78,-85
SCAN,37.63,420.0,84,-83
SCAN,37.65,420.0,34,-99
SCAN,37.68,420.0,44,-96
SCAN,37.70,420.0,78,-85
SCAN,37.73,420.0,86,-82
SCAN,37.75,420.0,58,-91
SCAN,37.78,420.0,86,-82
SCAN,37.80,420.0,66,-89
SCAN,37.83,420.0,62,-90
SCAN,37.85,420.0,48,-95
SCAN,37.88,420.0,38,-98
SCAN,37.90,420.0,64,-90
SCAN,37.93,420.0,70,-88
SCAN,37.95,420.0,84,-83
SCAN,37.98,420.0,80,-84
SCAN,38.00,420.0,78,-85
SCAN,38.03,420.0,58,-91
SCAN,38.05,420.0,40,-97
SCAN,38.08,420.0,46,-95
SCAN,38.10,420.0,68,-88
SCAN,38.13,420.0,90,-81
SCAN,38.15,420.0,60,-91
SCAN,38.18,420.0,46,-95
SCAN,38.20,420.0,46,-95
SCAN,38.23,420.0,72,-87
SCAN,38.25,420.0,62,-90
SCAN,38.28,420.0,84,-83
SCAN,38.30,420.0,52,-93
SCAN,38.33,420.0,58,-91
SCAN,38.35,420.0,58,-91
SCAN,38.38,420.0,72,-87
SCAN,38.40,420.0,66,-89
SCAN,38.43,420.0,56,-92
SCAN,38.45,420.0,66,-89
SCAN,38.48,420.0,68,-88
SCAN,38.50,420.0,58,-91
SCAN,38.53,420.0,58,-91
SCAN,38.55,420.0,62,-90
SCAN,38.58,420.0,60,-91
SCAN,38.61,420.0,58,-91
SCAN,38.63,420.0,74,-86
SCAN,38.66,420.0,58,-91
SCAN,38.68,420.0,50,-94
SCAN,38.71,420.0,70,-88
SCAN,38.73,420.0,74,-86
SCAN,38.75,420.0,52,-93
SCAN,38.78,420.0,56,-92
SCAN,38.81,420.0,46,-95
SCAN,38.83,420.0,62,-90
SCAN,38.86,420.0,58,-91
SCAN,38.88,420.0,94,-80
SCAN,38.91,420.0,86,-82
SCAN,38.93,420.0,72,-87
SCAN,38.96,420.0,58,-91
SCAN,38.98,420.0,46,-95
SCAN,39.01,420.0,86,-82
SCAN,39.03,420.0,66,-89
SCAN,39.06,420.0,24,-102
SCAN,39.08,420.0,52,-93
SCAN,39.11,420.0,28,-101
SCAN,39.13,420.0,22,-103
SCAN,39.16,420.0,40,-97
SCAN,39.18,420.0,64,-90
SCAN,39.21,420.0,80,-84
SCAN,39.23,420.0,82,-84
SCAN,39.26,420.0,62,-90
SCAN,39.28,420.0,64,-90
SCAN,39.31,420.0,40,-97
SCAN,39.33,420.0,54,-93
SCAN,39.36,420.0,52,-93
SCAN,39.38,420.0,60,-91
SCAN,39.41,420.0,60,-91
SCAN,39.43,420.0,30,-100
SCAN,39.46,420.0,78,-85
SCAN,39.48,420.0,30,-100
SCAN,39.51,420.0,58,-91
SCAN,39.53,420.0,74,-86
SCAN,39.56,420.0,78,-85
SCAN,39.58,420.0,74,-86
SCAN,39.61,420.0,40,-97
SCAN,39.63,420.0,70,-88
SCAN,39.66,420.0,14,-106
SCAN,39.68,420.0,74,-86
SCAN,39.71,420.0,62,-90
SCAN,39.73,420.0,34,-99
SCAN,39.76,420.0,60,-91
SCAN,39.78,420.0,90,-81
SCAN,39.81,420.0,108,-75
SCAN,39.83,420.0,104,-77
SCAN,39.86,420.0,42,-97
SCAN,39.88,420.0,46,-95
SCAN,39.91,420.0,58,-91
SCAN,39.93,420.0,86,-82
SCAN,39.96,420.0,44,-96
SCAN,39.99,420.0,64,-90
SCAN,40.01,420.0,58,-91
SCAN,40.04,420.0,82,-84
SCAN,40.06,420.0,76,-86
SCAN,40.09,420.0,52,-93
SCAN,40.11,420.0,62,-90
SCAN,40.14,420.0,72,-87
SCAN,40.16,420.0,18,-104
SCAN,40.19,420.0,78,-85
SCAN,40.21,420.0,16,-105
SCAN,40.24,420.0,56,-92
SCAN,40.26,420.0,56,-92
SCAN,40.29,420.0,50,-94
SCAN,40.31,420.0,70,-88
SCAN,40.34,420.0,68,-88
SCAN,40.36,420.0,36,-98
SCAN,40.39,420.0,72,-87
SCAN,40.41,420.0,76,-86
SCAN,40.44,420.0,50,-94
SCAN,40.46,420.0,42,-97
SCAN,40.49,420.0,68,-88
SCAN,40.51,420.0,50,-94
SCAN,40.54,420.0,54,-93
SCAN,40.56,420.0,34,-99
SCAN,40.59,420.0,76,-86
SCAN,40.61,420.0,52,-93
SCAN,40.64,420.0,76,-86
SCAN,40.66,420.0,62,-90
SCAN,40.69,420.0,60,-91
SCAN,40.71,420.0,54,-93
SCAN,40.74,420.0,102,-77
SCAN,40.76,420.0,20,-104
SCAN,40.79,420.0,82,-84
SCAN,40.81,420.0,68,-88
SCAN,40.84,420.0,62,-90
SCAN,40.86,420.0,76,-86
SCAN,40.89,420.0,36,-98
SCAN,40.91,420.0,66,-89
SCAN,40.94,420.0,58,-91
SCAN,40.96,420.0,52,-93
SCAN,40.99,420.0,82,-84
SCAN,41.01,420.0,54,-93
SCAN,41.04,420.0,76,-86
SCAN,41.06,420.0,68,-88
SCAN,41.09,420.0,68,-88
SCAN,41.11,420.0,64,-90
SCAN,41.14,420.0,62,-90
SCAN,41.16,420.0,44,-96
SCAN,41.19,420.0,70,-88
SCAN,41.21,420.0,84,-83
SCAN,41.24,420.0,62,-90
SCAN,41.26,420.0,40,-97
SCAN,41.29,420.0,66,-89
SCAN,41.31,420.0,82,-84
SCAN,41.34,420.0,60,-91
SCAN,41.36,420.0,58,-91
SCAN,41.39,420.0,8,-107
SCAN,41.41,420.0,62,-90
SCAN,41.44,420.0,52,-93
SCAN,41.46,420.0,48,-95
SCAN,41.49,420.0,50,-94
SCAN,41.52,420.0,58,-91
SCAN,41.54,420.0,72,-87
SCAN,41.57,420.0,76,-86
SCAN,41.59,420.0,40,-97
SCAN,41.62,420.0,72,-87
SCAN,41.64,420.0,50,-94
SCAN,41.67,420.0,80,-84
SCAN,41.69,420.0,60,-91
SCAN,41.72,420.0,72,-87
SCAN,41.74,420.0,86,-82
SCAN,41.77,420.0,46,-95
SCAN,41.79,420.0,36,-98
SCAN,41.82,420.0,38,-98
SCAN,41.84,420.0,40,-97
SCAN,41.87,420.0,72,-87
SCAN,41.89,420.0,36,-98
SCAN,41.92,420.0,68,-88
SCAN,41.94,420.0,90,-81
SCAN,41.97,420.0,70,-88
SCAN,41.99,420.0,68,-88
SCAN,42.02,420.0,64,-90
SCAN,42.04,420.0,48,-95
SCAN,42.07,420.0,54,-93
SCAN,42.09,420.0,66,-89
SCAN,42.12,420.0,30,-100
SCAN,42.14,420.0,66,-89
SCAN,42.17,420.0,80,-84
SCAN,42.20,420.0,40,-97
SCAN,42.22,420.0,68,-88
SCAN,42.24,420.0,84,-83
SCAN,42.27,420.0,84,-83
SCAN,42.29,420.0,64,-90
SCAN,42.32,420.0,74,-86
SCAN,42.34,420.0,42,-97
SCAN,42.37,420.0,60,-91
SCAN,42.39,420.0,38,-98
SCAN,42.42,420.0,72,-87
SCAN,42.44,420.0,64,-90
SCAN,42.47,420.0,68,-88
SCAN,42.49,420.0,54,-93
SCAN,42.52,420.0,54,-93
SCAN,42.54,420.0,46,-95
SCAN,42.57,420.0,70,-88
SCAN,42.59,420.0,78,-85
SCAN,42.62,420.0,62,-90
SCAN,42.64,420.0,68,-88
SCAN,42.67,420.0,48,-95
SCAN,42.70,420.0,62,-90
SCAN,42.72,420.0,48,-95
SCAN,42.75,420.0,50,-94
SCAN,42.77,420.0,64,-90
SCAN,42.80,420.0,48,-95
SCAN,42.82,420.0,60,-91
SCAN,42.85,420.0,48,-95
SCAN,42.87,420.0,48,-95
SCAN,42.90,420.0,56,-92
SCAN,42.92,420.0,68,-88
SCAN,42.95,420.0,58,-91
SCAN,42.97,420.0,78,-85
SCAN,43.00,420.0,42,-97
SCAN,43.02,420.0,64,-90
SCAN,43.05,420.0,72,-87
SCAN,43.07,420.0,46,-95
SCAN,43.10,420.0,60,-91
SCAN,43.12,420.0,40,-97
SCAN,43.15,420.0,70,-88
SCAN,43.17,420.0,26,-102
SCAN,43.20,420.0,64,-90
SCAN,43.22,420.0,82,-84
SCAN,43.25,420.0,60,-91
SCAN,43.27,420.0,52,-93
SCAN,43.30,420.0,56,-92
SCAN,43.32,420.0,60,-91
SCAN,43.35,420.0,46,-95
SCAN,43.37,420.0,42,-97
SCAN,43.40,420.0,50,-94
SCAN,43.42,420.0,74,-86
SCAN,43.45,420.0,28,-101
SCAN,43.47,420.0,80,-84
SCAN,43.50,420.0,24,-102
SCAN,43.52,420.0,80,-84
SCAN,43.55,420.0,70,-88
SCAN,43.57,420.0,40,-97
SCAN,43.60,420.0,60,-91
SCAN,43.62,420.0,70,-88
SCAN,43.65,420.0,76,-86
SCAN,43.67,420.0,38,-98
SCAN,43.70,420.0,34,-99
SCAN,43.72,420.0,46,-95
SCAN,43.75,420.0,74,-86
SCAN,43.77,420.0,52,-93
SCAN,43.80,420.0,8,-107
SCAN,43.82,420.0,52,-93
SCAN,43.85,420.0,54,-93
SCAN,43.88,420.0,62,-90
SCAN,43.90,420.0,64,-90
SCAN,43.93,420.0,36,-98
SCAN,43.95,420.0,98,-79
SCAN,43.97,420.0,70,-88
SCAN,44.00,420.0,40,-97
SCAN,44.02,420.0,62,-90
SCAN,44.05,420.0,20,-104
SCAN,44.08,420.0,76,-86
SCAN,44.10,420.0,14,-106
SCAN,44.13,420.0,32,-100
SCAN,44.15,420.0,48,-95
SCAN,44.18,420.0,50,-94
SCAN,44.20,420.0,70,-88
SCAN,44.23,420.0,88,-82
SCAN,44.25,420.0,96,-79
SCAN,44.28,420.0,60,-91
SCAN,44.30,420.0,64,-90
SCAN,44.33,420.0,58,-91
SCAN,44.35,420.0,72,-87
SCAN,44.38,420.0,68,-88
SCAN,44.40,420.0,62,-90
SCAN,44.43,420.0,76,-86
SCAN,44.45,420.0,32,-100
SCAN,44.48,420.0,74,-86
SCAN,44.50,420.0,60,-91
SCAN,44.53,420.0,60,-91
SCAN,44.55,420.0,70,-88
SCAN,44.58,420.0,60,-91
SCAN,44.60,420.0,66,-89
SCAN,44.63,420.0,90,-81
SCAN,44.65,420.0,46,-95
SCAN,44.68,420.0,42,-97
SCAN,44.70,420.0,52,-93
SCAN,44.73,420.0,48,-95
SCAN,44.75,420.0,46,-95
SCAN,44.78,420.0,48,-95
SCAN,44.80,420.0,64,-90
SCAN,44.83,420.0,52,-93
SCAN,44.85,420.0,58,-91
SCAN,44.88,420.0,60,-91
SCAN,44.90,420.0,84,-83
SCAN,44.93,420.0,64,-90
SCAN,44.95,420.0,48,-95
SCAN,44.98,420.0,60,-91
SCAN,45.00,420.0,56,-92
SCAN,45.03,420.0,60,-91
SCAN,45.05,420.0,68,-88
SCAN,45.08,420.0,58,-91
SCAN,45.10,420.0,82,-84
SCAN,45.13,420.0,68,-88
SCAN,45.15,420.0,46,-95
SCAN,45.18,420.0,30,-100
SCAN,45.20,420.0,82,-84
SCAN,45.23,420.0,62,-90
SCAN,45.25,420.0,58,-91
SCAN,45.28,420.0,62,-90
SCAN,45.30,420.0,86,-82
SCAN,45.33,420.0,76,-86
SCAN,45.35,420.0,38,-98
SCAN,45.38,420.0,46,-95
SCAN,45.41,420.0,72,-87
SCAN,45.43,420.0,62,-90
SCAN,45.46,420.0,68,-88
SCAN,45.48,420.0,46,-95
SCAN,45.51,420.0,64,-90
SCAN,45.53,420.0,44,-96
SCAN,45.56,420.0,62,-90
SCAN,45.58,420.0,54,-93
SCAN,45.61,420.0,94,-80
SCAN,45.63,420.0,64,-90
SCAN,45.66,420.0,58,-91
SCAN,45.68,420.0,52,-93
SCAN,45.71,420.0,38,-98
SCAN,45.73,420.0,60,-91
SCAN,45.76,420.0,44,-96
SCAN,45.78,420.0,50,-94
SCAN,45.81,420.0,60,-91
SCAN,45.83,420.0,70,-88
SCAN,45.86,420.0,72,-87
SCAN,45.88,420.0,62,-90
SCAN,45.91,420.0,50,-94
SCAN,45.93,420.0,80,-84
SCAN,45.96,420.0,62,-90
SCAN,45.98,420.0,50,-94
SCAN,46.01,420.0,48,-95
SCAN,46.03,420.0,84,-83
SCAN,46.06,420.0,34,-99
SCAN,46.08,420.0,20,-104
SCAN,46.11,420.0,52,-93
SCAN,46.13,420.0,40,-97
SCAN,46.16,420.0,98,-79
SCAN,46.18,420.0,30,-100
SCAN,46.21,420.0,74,-86
SCAN,46.23,420.0,72,-87
SCAN,46.26,420.0,78,-85
SCAN,46.28,420.0,92,-81
SCAN,46.31,420.0,70,-88
SCAN,46.33,420.0,34,-99
SCAN,46.36,420.0,84,-83
SCAN,46.38,420.0,34,-99
